,name,last_name,stance,wins,losses,SLpM,fights,tko_win_ratio
2,David,Abbott,Switch,10,15,1.35,25,0.62
3,Shamil,Abdurakhimov,Orthodox,20,6,2.53,26,0.4
14,Israel,Adesanya,Switch,22,1,3.84,23,0.36
26,Omari,Akhmedov,Orthodox,21,6,2.97,27,0.22
27,Yoshihiro,Akiyama,Orthodox,14,6,3.1,20,0.36
42,Iuri,Alcantara,Southpaw,35,10,2.72,45,0.36
46,Irene,Aldana,Orthodox,13,6,5.61,19,0.33
49,Jose,Aldo,Orthodox,31,7,3.61,38,0.52
50,JJ,Aldrich,Southpaw,10,4,4.05,14,0.0
52,John,Alessio,Orthodox,35,17,2.1,52,0.0
65,Arnold,Allen,Southpaw,17,1,2.96,18,0.0
66,Brendan,Allen,Orthodox,18,5,4.39,23,0.14
68,Ricardo,Almeida,Orthodox,13,5,2.02,18,0.0
70,Thomas,Almeida,Southpaw,22,5,4.84,27,0.8
82,Eddie,Alvarez,Orthodox,29,6,4.32,35,0.5
85,Thiago,Alves,Orthodox,23,15,3.73,38,0.53
88,Warlley,Alves,Orthodox,15,5,3.07,20,0.38
90,Sam,Alvey,Southpaw,33,17,3.3,50,0.5
92,Adlan,Amagov,Orthodox,14,2,3.29,16,0.6
98,Makwan,Amirkhani,Southpaw,16,7,1.37,23,0.17
101,Eryk,Anders,Southpaw,14,6,3.16,20,0.5
105,Corey,Anderson,Orthodox,14,5,4.43,19,0.3
109,Jessica,Andrade,Orthodox,22,9,6.24,31,0.38
118,Magomed,Ankalaev,Orthodox,16,1,3.6,17,0.57
124,Shinya,Aoki,Southpaw,39,7,0.97,46,0.08
130,Felipe,Arantes,Orthodox,18,10,2.37,28,0.2
133,Julio,Arce,Southpaw,17,5,4.14,22,0.6
137,Andrei,Arlovski,Orthodox,33,20,3.72,53,0.46
140,Ricardo,Arona,Orthodox,14,5,1.66,19,0.25
160,Raphael,Assuncao,Orthodox,27,9,3.2,36,0.14
163,Olivier,Aubin-Mercier,Southpaw,11,5,2.48,16,0.14
166,Marcus,Aurelio,Orthodox,22,10,1.42,32,0.2
182,Seth,Baczynski,Orthodox,20,14,3.08,34,0.2
183,Ryan,Bader,Orthodox,23,5,2.82,28,0.33
202,Antonio,Banuelos,Orthodox,20,11,2.69,31,0.0
203,Renan,Barao,Orthodox,34,9,3.78,43,0.18
205,Maycee,Barber,Switch,9,2,4.67,11,0.8
206,Bryan,Barberena,Southpaw,16,8,5.44,24,0.43
207,Edson,Barboza,Orthodox,22,10,4.11,32,0.5
208,Raoni,Barcelos,Orthodox,16,3,5.98,19,0.4
214,Josh,Barnett,Orthodox,35,8,3.2,43,0.33
218,Phil,Baroni,Orthodox,15,18,2.77,33,0.71
228,Pat,Barry,Orthodox,8,7,2.72,15,0.8
230,Enrique,Barzola,Orthodox,17,5,3.91,22,0.0
249,Mirsad,Bektic,Orthodox,13,4,2.43,17,0.33
251,Alan,Belcher,Orthodox,18,8,2.7,26,0.56
252,Vitor,Belfort,Southpaw,26,14,1.59,40,0.67
256,Joseph,Benavidez,Southpaw,28,8,3.52,36,0.29
260,Gabriel,Benitez,Southpaw,22,11,4.6,33,0.33
273,Dennis,Bermudez,Orthodox,17,9,4.42,26,0.1
295,Michael,Bisping,Orthodox,30,9,4.33,39,0.52
299,Jan,Blachowicz,Orthodox,28,9,3.59,37,0.36
308,Curtis,Blaydes,Orthodox,15,3,3.44,18,0.5
313,Mark,Bocek,Orthodox,12,5,2.34,17,0.0
317,Tim,Boetsch,Orthodox,21,13,2.93,34,0.58
322,Jerry,Bohlander,Orthodox,11,4,0.0,15,0.0
331,Stephan,Bonnar,Orthodox,15,9,2.76,24,0.25
333,Ray,Borg,Orthodox,13,5,1.52,18,0.0
352,Brian,Bowles,Orthodox,10,3,2.36,13,0.29
359,Sean,Brady,Orthodox,15,0,3.91,15,0.0
364,Diego,Brandao,Orthodox,22,11,2.94,33,0.33
368,Tom,Breese,Southpaw,12,3,3.34,15,0.8
388,Matt,Brown,Orthodox,25,18,3.68,43,0.75
389,Mike,Brown,Orthodox,26,9,2.98,35,0.25
395,Randy,Brown,Orthodox,14,4,4.21,18,0.25
399,Travis,Browne,Orthodox,18,7,2.93,25,0.78
406,Derek,Brunson,Southpaw,23,8,3.5,31,0.41
419,Paul,Buentello,Orthodox,35,17,3.29,52,0.75
425,Shane,Burgos,Orthodox,14,3,7.95,17,0.29
426,Joshua,Burkman,Orthodox,28,16,2.69,44,0.17
431,Gilbert,Burns,Orthodox,20,4,3.12,24,0.23
440,Murilo,Bustamante,Orthodox,15,8,1.33,23,0.29
455,Alex,Caceres,Southpaw,19,12,4.14,31,0.07
462,Cynthia,Calvillo,Orthodox,9,4,4.27,13,0.0
466,Chris,Camozzi,Orthodox,24,13,3.57,37,0.22
483,Jared,Cannonier,Switch,15,5,3.76,20,0.75
491,Gina,Carano,Orthodox,7,1,4.5,8,0.43
493,Bryan,Caraway,Orthodox,21,9,2.53,30,0.0
497,Chris,Cariaso,Southpaw,17,8,3.35,25,0.09
501,Antonio,Carlos Junior,Orthodox,11,5,1.95,16,0.0
503,Francis,Carmont,Orthodox,25,12,2.22,37,0.0
504,Liz,Carmouche,Orthodox,13,7,2.78,20,0.29
519,Shane,Carwin,Orthodox,12,2,4.38,14,1.0
522,Cortney,Casey,Orthodox,10,9,4.46,19,0.17
530,Danny,Castillo,Orthodox,17,10,2.57,27,0.42
537,Rafael,Cavalcante,Orthodox,12,7,2.71,19,1.0
540,Henry,Cejudo,Orthodox,16,2,3.92,18,0.4
542,Donald,Cerrone,Orthodox,36,16,4.43,52,0.34
559,Macy,Chiasson,Orthodox,8,2,4.04,10,0.4
560,Michael,Chiesa,Southpaw,18,6,1.88,24,0.0
561,Giga,Chikadze,Orthodox,14,3,4.05,17,0.43
569,Ryo,Chonan,Orthodox,22,13,2.57,35,0.0
570,Katlyn,Chookagian,Orthodox,17,4,4.59,21,0.0
582,Misha,Cirkunov,Orthodox,15,8,3.87,23,0.17
589,Devin,Clark,Orthodox,12,6,3.13,18,0.0
593,Rich,Clementi,Southpaw,45,23,1.43,68,0.0
610,Mark,Coleman,Orthodox,16,10,1.88,26,0.44
614,Jake,Collier,Orthodox,13,6,5.59,19,0.2
617,Carlos,Condit,Orthodox,32,14,3.66,46,0.43
639,Daniel,Cormier,Orthodox,22,3,4.25,25,0.42
642,Bethe,Correia,Orthodox,11,6,4.37,17,0.2
652,Paulo,Costa,Orthodox,13,2,6.85,15,0.8
655,Patrick,Cote,Orthodox,23,11,2.81,34,0.54
660,Randy,Couture,Orthodox,19,11,2.85,30,0.44
662,Ryan,Couture,Orthodox,11,5,3.54,16,0.17
664,Colby,Covington,Orthodox,16,3,4.14,19,0.25
668,Paul,Craig,Orthodox,15,4,2.59,19,0.29
679,Daron,Cruickshank,Switch,18,10,2.88,28,0.5
681,Jimmy,Crute,Orthodox,12,3,4.33,15,0.6
683,Dominick,Cruz,Orthodox,24,3,3.82,27,0.14
689,Zak,Cummings,Southpaw,24,7,2.58,31,0.11
691,Patrick,Cummins,Orthodox,10,7,4.26,17,0.43
701,Ion,Cutelaba,Southpaw,16,6,4.91,22,0.6
710,Paul,Daley,Orthodox,39,15,3.14,54,1.0
725,Mac,Danzig,Orthodox,21,12,3.39,33,0.2
727,Beneil,Dariush,Southpaw,21,4,3.8,25,0.2
733,Marcus,Davis,Southpaw,22,11,2.72,33,0.33
735,Phil,Davis,Orthodox,17,4,2.85,21,0.0
739,Alexis,Davis,Orthodox,21,11,4.63,32,0.1
743,Hakeem,Dawodu,Orthodox,13,2,5.39,15,0.17
744,Grant,Dawson,Switch,17,1,3.06,18,0.17
752,Montana,De La Rosa,Orthodox,12,6,2.87,18,0.2
761,Germaine,de Randamie,Orthodox,10,4,2.72,14,0.44
783,Mackenzie,Dern,Orthodox,11,2,3.13,13,0.0
793,Marc,Diakiese,Orthodox,14,5,3.06,19,0.4
799,Nick,Diaz,Southpaw,26,10,5.71,36,0.53
800,Nate,Diaz,Southpaw,21,13,4.51,34,0.21
808,TJ,Dillashaw,Orthodox,18,4,5.26,22,0.54
818,Drew,Dober,Southpaw,23,11,4.38,34,0.6
822,John,Dodson,Orthodox,22,12,3.2,34,0.6
827,CB,Dollaway,Orthodox,17,9,2.65,26,0.18
833,Rafael,Dos Anjos,Southpaw,30,13,3.49,43,0.2
834,Junior,Dos Santos,Orthodox,21,9,4.49,30,0.67
865,Evan,Dunham,Southpaw,18,9,5.33,27,0.18
874,Merab,Dvalishvili,Orthodox,14,4,4.26,18,0.14
885,Brian,Ebersole,Southpaw,51,18,2.32,69,0.17
887,Frankie,Edgar,Orthodox,23,10,3.79,33,0.28
890,Yves,Edwards,Southpaw,42,22,2.91,64,0.43
892,Leon,Edwards,Southpaw,19,3,2.62,22,0.18
904,Darren,Elkins,Orthodox,27,10,3.44,37,0.25
905,Jake,Ellenberger,Orthodox,31,15,2.47,46,0.6
907,Tim,Elliott,Southpaw,18,12,3.45,30,0.0
914,Ramazan,Emeev,Southpaw,20,5,2.52,25,0.0
915,Aleksander,Emelianenko,Orthodox,23,7,2.75,30,0.5
916,Fedor,Emelianenko,Orthodox,36,5,3.18,41,0.39
919,Josh,Emmett,Orthodox,17,2,4.28,19,0.38
932,Julian,Erosa,Southpaw,27,10,6.29,37,0.33
939,Efrain,Escudero,Orthodox,28,12,2.92,40,0.2
941,Carla,Esparza,Orthodox,19,6,2.34,25,0.11
946,Terry,Etim,Orthodox,16,5,2.16,21,0.17
949,Sijara,Eubanks,Orthodox,8,7,4.3,15,0.2
950,Billy,Evangelista,Orthodox,13,3,4.51,16,0.29
951,Rashad,Evans,Orthodox,19,8,2.14,27,0.41
956,Movsar,Evloev,Orthodox,15,0,4.32,15,0.0
959,Jessica,Eye,Orthodox,15,10,3.96,25,0.2
961,Urijah,Faber,Orthodox,35,11,2.65,46,0.15
978,Paul,Felder,Orthodox,17,6,3.7,23,0.44
983,Tony,Ferguson,Orthodox,26,6,5.15,32,0.33
986,Bibiano,Fernandes,Orthodox,20,3,2.91,23,0.11
988,Cezar,Ferreira,Southpaw,13,8,1.9,21,0.0
989,Diego,Ferreira,Orthodox,17,5,4.67,22,0.38
994,Drew,Fickett,Orthodox,42,21,2.33,63,0.0
997,Deiveson,Figueiredo,Orthodox,21,2,3.27,23,0.4
1001,Paulo,Filho,Southpaw,23,6,1.86,29,0.09
1002,Andre,Fili,Orthodox,21,8,3.8,29,0.33
1003,Mirko,Filipovic,Southpaw,35,11,2.11,46,0.79
1010,Spencer,Fisher,Southpaw,24,9,3.17,33,0.33
1013,Jon,Fitch,Orthodox,30,7,2.61,37,0.07
1015,Rafael,Fiziev,Switch,11,1,5.35,12,0.4
1022,Kenny,Florian,Southpaw,14,6,2.41,20,0.23
1025,Caros,Fodor,Orthodox,11,6,2.76,17,0.4
1029,Rob,Font,Orthodox,19,5,5.64,24,0.56
1034,Jussier,Formiga,Orthodox,23,8,1.42,31,0.0
1041,Hermes,Franca,Orthodox,24,17,1.78,41,0.29
1045,Rich,Franklin,Southpaw,29,7,4.1,36,0.57
1066,Don,Frye,Orthodox,20,9,2.87,29,0.58
1071,Kazuyuki,Fujita,Orthodox,15,12,1.05,27,0.43
1082,Claudia,Gadelha,Orthodox,18,5,3.31,23,0.0
1084,Justin,Gaethje,Orthodox,23,3,7.5,26,0.83
1092,Mickey,Gall,Switch,7,4,2.92,11,0.0
1101,Manvel,Gamburyan,Orthodox,15,10,2.13,25,0.11
1105,Ciryl,Gane,Orthodox,10,1,4.83,11,0.29
1108,Cody,Garbrandt,Orthodox,12,5,3.16,17,0.71
1109,Leonard,Garcia,Orthodox,18,13,2.77,31,0.33
1112,Alex,Garcia,Orthodox,15,6,1.81,21,0.4
1124,Kelvin,Gastelum,Southpaw,17,8,3.53,25,0.27
1137,Christos,Giagos,Orthodox,19,9,2.88,28,0.0
1149,Trevin,Giles,Orthodox,14,4,3.09,18,0.6
1152,Gregor,Gillespie,Orthodox,14,1,3.74,15,0.57
1184,Takanori,Gomi,Southpaw,35,14,3.81,49,0.53
1185,Akihiro,Gono,Switch,35,21,2.18,56,0.0
1186,Gabriel,Gonzaga,Orthodox,17,11,2.12,28,0.58
1201,Gary,Goodridge,Orthodox,23,22,1.84,45,0.86
1205,Jared,Gordon,Orthodox,18,4,5.22,22,0.17
1214,Wilson,Gouveia,Orthodox,14,8,3.02,22,0.33
1219,Royce,Gracie,Southpaw,15,2,0.88,17,0.08
1227,Ryan,Gracie,Orthodox,5,2,0.82,7,0.4
1238,TJ,Grant,Orthodox,21,5,3.95,26,0.38
1241,Alexa,Grasso,Orthodox,13,3,4.96,16,0.0
1248,Bobby,Green,Orthodox,29,13,5.88,42,0.14
1253,Forrest,Griffin,Orthodox,19,7,4.38,26,0.17
1254,Tyson,Griffin,Orthodox,16,8,3.71,24,0.22
1255,Max,Griffin,Orthodox,18,8,4.35,26,0.5
1263,Kendall,Grove,Orthodox,23,17,2.31,40,0.29
1272,Clay,Guida,Orthodox,37,18,2.53,55,0.11
1274,Melvin,Guillard,Orthodox,32,18,2.96,50,0.67
1281,Jorge,Gurgel,Orthodox,14,10,3.37,24,0.0
1284,Alexander,Gustafsson,Orthodox,18,7,4.02,25,0.5
1287,Chris,Gutierrez,Orthodox,17,3,4.63,20,0.2
1299,Uriah,Hall,Orthodox,18,10,3.47,28,0.8
1300,Ryan,Hall,Southpaw,9,2,2.38,11,0.0
1301,Dennis,Hallman,Orthodox,53,20,1.12,73,0.17
1309,Matt,Hamill,Orthodox,12,8,3.69,20,0.5
1316,Joachim,Hansen,Southpaw,23,14,2.01,37,0.33
1318,Nasrat,Haqparast,Southpaw,13,5,5.17,18,0.2
1321,Dan,Hardy,Orthodox,25,10,2.46,35,0.33
1322,Greg,Hardy,Orthodox,7,4,4.84,11,0.83
1328,Walt,Harris,Southpaw,13,10,3.05,23,1.0
1343,John,Hathaway,Orthodox,17,2,3.4,19,0.14
1353,Dustin,Hazelett,Orthodox,12,7,2.24,19,0.0
1355,Pat,Healy,Orthodox,34,23,2.57,57,0.12
1367,Dan,Henderson,Orthodox,32,15,2.44,47,0.59
1368,Benson,Henderson,Southpaw,24,7,2.93,31,0.06
1371,Johny,Hendricks,Southpaw,18,8,3.49,26,0.4
1379,Ed,Herman,Orthodox,27,15,3.28,42,0.31
1381,Jack,Hermansson,Orthodox,22,7,4.97,29,0.33
1385,Alexander,Hernandez,Orthodox,13,5,3.97,18,0.6
1393,Felice,Herrig,Orthodox,14,9,3.63,23,0.0
1394,Heath,Herring,Orthodox,28,16,2.37,44,0.36
1404,Jason,High,Southpaw,21,6,1.28,27,0.0
1409,Angela,Hill,Orthodox,13,11,5.56,24,0.25
1411,Jamahal,Hill,Southpaw,10,1,7.06,11,0.8
1426,Kevin,Holland,Orthodox,21,7,3.67,28,0.4
1428,Max,Holloway,Orthodox,23,6,7.38,29,0.47
1431,Holly,Holm,Southpaw,14,5,3.16,19,0.29
1438,Scott,Holtzman,Orthodox,14,5,4.32,19,0.29
1440,Mark,Hominick,Orthodox,20,12,4.08,32,0.29
1446,Dan,Hooker,Switch,21,11,4.9,32,0.55
1451,Kyoji,Horiguchi,Orthodox,19,2,3.6,21,0.29
1452,Jeremy,Horn,Orthodox,91,22,1.19,113,0.22
1464,John,Howard,Orthodox,24,13,2.15,37,0.29
1472,Roger,Huerta,Orthodox,23,9,3.64,32,0.5
1474,Matt,Hughes,Switch,45,9,2.14,54,0.44
1482,Mark,Hunt,Orthodox,13,14,2.81,27,0.77
1487,Al,Iaquinta,Orthodox,14,7,4.06,21,0.44
1490,Dan,Ige,Orthodox,15,5,3.9,20,0.25
1514,Mitsuhiro,Ishida,Southpaw,20,8,1.46,28,0.0
1529,Yves,Jabouin,Orthodox,20,11,3.06,31,0.0
1531,Eugene,Jackson,Orthodox,15,9,2.19,24,0.5
1532,Quinton,Jackson,Orthodox,37,12,3.25,49,0.57
1538,Montel,Jackson,Southpaw,11,2,3.42,13,0.33
1540,Dustin,Jacoby,Orthodox,16,5,5.2,21,0.33
1549,Keith,Jardine,Orthodox,17,11,3.25,28,0.3
1556,Joanna,Jedrzejczyk,Orthodox,16,4,6.3,20,0.2
1574,Brett,Johns,Orthodox,17,2,2.86,19,0.0
1576,Anthony,Johnson,Orthodox,22,6,3.25,28,0.85
1582,Lavar,Johnson,Orthodox,18,10,5.39,28,1.0
1583,Demetrious,Johnson,Orthodox,27,3,3.43,30,0.12
1584,Michael,Johnson,Southpaw,20,17,4.21,37,0.36
1598,Jon,Jones,Orthodox,26,1,4.3,27,0.25
1617,Shawn,Jordan,Southpaw,19,8,2.87,27,0.86
1619,Scott,Jorgensen,Orthodox,15,12,3.37,27,0.18
1623,Krzysztof,Jotko,Southpaw,23,5,2.92,28,0.1
1624,Alan,Jouban,Southpaw,17,7,5.67,24,0.5
1633,Chan Sung,Jung,Orthodox,17,6,4.07,23,0.57
1637,Myles,Jury,Orthodox,17,4,2.94,21,0.38
1638,Cristiane,Justino,Orthodox,21,2,7.28,23,0.75
1647,Martin,Kampmann,Orthodox,20,7,3.22,27,0.25
1652,Denis,Kang,Orthodox,35,16,2.27,51,0.29
1653,Kyung Ho,Kang,Orthodox,17,9,2.56,26,0.0
1656,Kai,Kara-France,Orthodox,23,9,5.09,32,0.33
1658,Alex,Karalexis,Orthodox,10,6,2.57,16,0.6
1665,Calvin,Kattar,Orthodox,23,5,5.19,28,0.57
1666,Sarah,Kaufman,Orthodox,18,4,6.65,22,0.14
1669,Tatsuya,Kawajiri,Orthodox,36,11,2.04,47,0.2
1676,Brian,Kelleher,Switch,24,12,3.49,36,0.25
1679,Paul,Kelly,Orthodox,14,5,3.22,19,0.2
1681,Daniel,Kelly,Southpaw,13,4,3.62,17,0.17
1682,Tim,Kennedy,Orthodox,18,6,2.78,24,0.3
1686,Casey,Kenney,Southpaw,16,4,4.85,20,0.0
1688,Mark,Kerr,Switch,15,11,0.28,26,0.2
1691,Rustam,Khabilov,Orthodox,24,4,1.98,28,0.2
1694,Sergei,Kharitonov,Orthodox,26,6,3.9,32,0.67
1699,Katsunori,Kikuno,Orthodox,24,8,2.64,32,0.4
1702,Dong Hyun,Kim,Southpaw,22,4,2.12,26,0.31
1724,Drakkar,Klose,Orthodox,11,2,3.89,13,0.0
1728,William,Knight,Orthodox,11,3,3.18,14,0.6
1731,Erik,Koch,Southpaw,16,6,2.33,22,0.38
1741,Cheick,Kongo,Orthodox,27,10,3.33,37,0.64
1746,Josh,Koscheck,Orthodox,17,11,1.79,28,0.4
1752,Karolina,Kowalkiewicz,Orthodox,12,7,5.16,19,0.0
1755,James,Krause,Orthodox,28,9,4.79,37,0.33
1759,Nikita,Krylov,Orthodox,27,8,4.33,35,0.38
1781,Mike,Kyle,Orthodox,22,14,3.93,36,0.6
1787,Ryan,LaFlare,Southpaw,14,3,2.89,17,0.0
1795,Ricardo,Lamas,Orthodox,20,8,3.13,28,0.33
1805,Chad,Laprise,Orthodox,13,4,4.78,17,0.5
1809,Lorenz,Larkin,Orthodox,18,6,3.53,24,0.44
1811,Brock,Larson,Southpaw,42,10,1.39,52,0.29
1814,Ilir,Latifi,Orthodox,16,8,1.84,24,0.38
1817,Joe,Lauzon,Orthodox,28,16,2.84,44,0.4
1820,Muhammed,Lawal,Southpaw,21,6,3.79,27,0.75
1821,Robbie,Lawler,Southpaw,29,15,3.73,44,0.65
1822,Tom,Lawlor,Southpaw,10,6,2.5,16,0.33
1826,Eric,Lawson,Orthodox,9,5,1.58,14,0.2
1830,Cung,Le,Southpaw,9,3,4.36,12,0.89
1834,Chris,Leben,Southpaw,22,11,2.87,33,0.57
1847,Kevin,Lee,Orthodox,18,7,3.89,25,0.27
1849,Andrea,Lee,Orthodox,13,5,5.74,18,0.2
1853,Thales,Leites,Orthodox,28,9,2.13,37,0.15
1856,Amanda,Lemos,Southpaw,11,1,5.35,12,0.4
1861,Nik,Lentz,Orthodox,30,12,3.44,42,0.21
1869,Brock,Lesnar,Orthodox,5,3,3.53,8,0.6
1879,Derrick,Lewis,Orthodox,26,9,2.56,35,0.76
1883,Li,Jingliang,Orthodox,18,7,4.42,25,0.7
1885,Chuck,Liddell,Orthodox,21,8,2.97,29,0.67
1898,Matt,Lindland,Southpaw,22,9,2.62,31,0.36
1900,John,Lineker,Orthodox,31,9,5.36,40,0.5
1905,Dean,Lister,Orthodox,13,7,1.26,20,0.0
1943,Duane,Ludwig,Orthodox,21,14,4.62,35,0.43
1947,Vicente,Luque,Orthodox,21,7,5.65,28,0.57
1954,Chris,Lytle,Orthodox,31,18,3.76,49,0.17
1957,Jason,MacDonald,Orthodox,25,16,1.55,41,0.33
1959,Rory,MacDonald,Orthodox,19,4,3.75,23,0.33
1965,Lyoto,Machida,Southpaw,24,8,2.59,32,0.42
1983,Neil,Magny,Orthodox,25,9,3.67,34,0.28
1985,Rashid,Magomedov,Orthodox,20,2,4.4,22,0.2
1988,Zabit,Magomedsharipov,Orthodox,18,1,4.89,19,0.0
1995,Demian,Maia,Southpaw,28,11,1.8,39,0.05
1998,John,Makdessi,Orthodox,18,7,5.57,25,0.27
1999,Islam,Makhachev,Southpaw,22,1,2.27,23,0.18
2003,Fabio,Maldonado,Orthodox,23,11,5.29,34,0.4
2014,Melvin,Manhoef,Orthodox,30,14,3.52,44,1.0
2019,Jimi,Manuwa,Orthodox,17,6,3.43,23,0.83
2026,Randa,Markos,Orthodox,11,12,2.97,23,0.0
2028,Nate,Marquardt,Orthodox,35,19,2.71,54,0.5
2044,Anthony Rocco,Martin,Orthodox,17,6,2.68,23,0.11
2051,Jonathan,Martinez,Southpaw,15,4,4.58,19,0.33
2058,Adriano,Martins,Southpaw,28,9,1.8,37,0.4
2066,Jorge,Masvidal,Orthodox,35,15,4.22,50,0.41
2073,Jake,Matthews,Orthodox,17,5,3.03,22,0.1
2077,Vladimir,Matyushenko,Orthodox,27,8,1.9,35,0.38
2084,Gray,Maynard,Orthodox,13,7,1.92,20,0.09
2097,Rob,McCullough,Orthodox,19,8,2.47,27,0.2
2102,Michael,McDonald,Orthodox,17,4,2.69,21,0.29
2109,Court,McGee,Orthodox,22,10,4.69,32,0.0
2113,Conor,McGregor,Southpaw,22,6,5.32,28,0.8
2125,Sara,McMann,Orthodox,12,6,2.32,18,0.1
2129,Tim,Means,Orthodox,32,12,5.06,44,0.36
2130,Yancy,Medeiros,Orthodox,15,8,4.36,23,0.38
2138,Gerald,Meerschaert,Southpaw,34,14,3.11,48,0.11
2142,Jordan,Mein,Orthodox,31,12,3.35,43,0.43
2146,Gilbert,Melendez,Orthodox,22,8,3.44,30,0.47
2151,Chad,Mendes,Orthodox,18,5,2.78,23,0.46
2156,Alonzo,Menifield,Orthodox,11,3,3.86,14,0.67
2166,Guy,Mezger,Orthodox,30,14,2.3,44,0.5
2178,Pat,Miletich,Orthodox,29,7,1.79,36,0.25
2181,Jason,Miller,Orthodox,23,10,1.83,33,0.4
2182,Dan,Miller,Orthodox,14,8,2.03,22,0.0
2183,Jim,Miller,Southpaw,34,16,2.78,50,0.22
2184,Cole,Miller,Orthodox,21,11,3.0,32,0.1
2196,Ikuhisa,Minowa,Orthodox,60,42,0.88,102,0.22
2198,Stipe,Miocic,Orthodox,20,4,4.82,24,0.64
2199,Frank,Mir,Southpaw,18,11,2.18,29,0.31
2204,Kazuo,Misaki,Orthodox,25,11,2.85,36,0.17
2212,Bryce,Mitchell,Southpaw,14,1,2.29,15,0.0
2215,Matt,Mitrione,Switch,12,5,3.55,17,0.89
2222,Takeya,Mizugaki,Orthodox,21,11,3.37,32,0.1
2228,Renato,Moicano,Orthodox,16,4,5.12,20,0.0
2229,Thiago,Moises,Orthodox,15,6,2.52,21,0.2
2237,Jeff,Monson,Orthodox,60,26,0.97,86,0.17
2251,Sergio,Moraes,Orthodox,14,6,2.42,20,0.12
2252,Marlon,Moraes,Orthodox,23,9,3.34,32,0.4
2254,John,Moraga,Orthodox,19,7,2.57,26,0.25
2269,Brandon,Moreno,Orthodox,19,6,3.54,25,0.14
2274,Alex,Morono,Orthodox,21,7,5.21,28,0.2
2275,Maryna,Moroz,Orthodox,10,3,4.09,13,0.0
2285,Gegard,Mousasi,Orthodox,42,6,3.75,48,0.55
2292,Belal,Muhammad,Orthodox,20,3,4.55,23,0.09
2298,Pedro,Munhoz,Orthodox,19,7,5.5,26,0.33
2299,Andre,Muniz,Southpaw,22,4,2.18,26,0.0
2300,Mark,Munoz,Orthodox,14,6,3.12,20,0.55
2313,Lauren,Murphy,Orthodox,15,5,3.58,20,0.29
2336,Kazuhiro,Nakamura,Orthodox,21,13,1.56,34,0.17
2337,Keita,Nakamura,Southpaw,34,10,2.23,44,0.0
2344,Rose,Namajunas,Orthodox,12,4,4.01,16,0.22
2355,Rafael,Natal,Orthodox,21,9,3.1,30,0.11
2364,Geoff,Neal,Southpaw,14,4,4.63,18,0.57
2366,Josh,Neer,Orthodox,36,16,3.29,52,0.17
2370,Roy,Nelson,Orthodox,22,14,2.18,36,0.89
2371,Gunnar,Nelson,Switch,17,5,1.71,22,0.0
2380,Carlos,Newton,Orthodox,16,14,0.65,30,0.0
2382,Francis,Ngannou,Orthodox,17,3,2.33,20,0.83
2387,Matheus,Nicolau,Orthodox,17,3,3.88,20,0.0
2391,Ramsey,Nijem,Orthodox,9,6,3.05,15,0.4
2399,Anthony,Njokuani,Orthodox,16,12,3.94,28,0.71
2405,Antonio Rodrigo,Nogueira,Orthodox,34,10,1.95,44,0.13
2406,Rogerio,Nogueira,Southpaw,23,10,2.43,33,0.42
2409,Kyle,Noke,Southpaw,22,10,3.23,32,0.57
2411,KJ,Noons,Orthodox,13,9,3.68,22,0.56
2412,Sage,Northcutt,Orthodox,11,2,3.58,13,0.33
2419,Diego,Nunes,Orthodox,19,7,2.72,26,0.0
2420,Amanda,Nunes,Orthodox,21,5,4.55,26,0.53
2424,Khabib,Nurmagomedov,Orthodox,29,0,4.1,29,0.15
2428,Kennedy,Nzechukwu,Southpaw,9,2,4.86,11,0.6
2434,Sean,O'Malley,Switch,15,1,8.26,16,0.75
2443,Volkan,Oezdemir,Orthodox,17,6,4.75,23,0.6
2450,Yushin,Okami,Southpaw,34,12,2.06,46,0.31
2454,Aleksei,Oleinik,Orthodox,59,16,3.55,75,0.12
2457,Charles,Oliveira,Orthodox,32,8,3.44,40,0.15
2460,Alex,Oliveira,Orthodox,22,11,2.97,33,0.36
2479,Brian,Ortega,Switch,15,2,4.15,17,0.43
2480,Tito,Ortiz,Orthodox,19,12,2.59,31,0.53
2482,Dustin,Ortiz,Orthodox,19,8,2.94,27,0.5
2495,Alistair,Overeem,Orthodox,47,19,3.67,66,0.61
2517,Bart,Palaszewski,Orthodox,36,17,2.67,53,0.6
2520,Rousimar,Palhares,Orthodox,19,8,1.75,27,0.0
2524,Alexandre,Pantoja,Orthodox,24,5,4.24,29,0.25
2532,Karo,Parisyan,Orthodox,24,11,2.49,35,0.12
2536,Norman,Parke,Southpaw,23,6,3.06,29,0.2
2550,Alan,Patrick,Southpaw,15,3,1.76,18,0.2
2561,Ross,Pearson,Orthodox,20,16,3.68,36,0.42
2568,Kurt,Pellegrino,Orthodox,16,7,2.45,23,0.12
2570,Julianna,Pena,Orthodox,12,4,3.36,16,0.29
2571,Luis,Pena,Southpaw,9,3,3.66,12,0.2
2575,BJ,Penn,Orthodox,16,14,2.76,30,0.44
2576,Jessica,Penne,Orthodox,14,6,2.41,20,0.17
2579,Raquel,Pennington,Orthodox,13,9,3.66,22,0.0
2581,Godofredo,Pepey,Orthodox,13,6,2.32,19,0.2
2583,Robert,Peralta,Orthodox,18,8,3.76,26,0.4
2585,Michel,Pereira,Orthodox,27,11,4.71,38,0.2
2590,Erik,Perez,Orthodox,17,6,3.16,23,0.29
2591,Alejandro,Perez,Orthodox,23,9,3.45,32,0.38
2594,Alex,Perez,Orthodox,24,6,4.62,30,0.29
2596,Anthony,Perosh,Orthodox,15,10,2.27,25,0.4
2600,Mike,Perry,Orthodox,14,8,4.32,22,0.57
2612,Anthony,Pettis,Orthodox,24,10,3.05,34,0.25
2613,Sergio,Pettis,Orthodox,18,5,3.88,23,0.0
2618,Constantinos,Philippou,Orthodox,13,5,2.19,18,0.5
2624,Kyler,Phillips,Orthodox,10,2,5.5,12,0.4
2627,Vinc,Pichel,Orthodox,14,2,3.42,16,0.14
2628,Brad,Pickett,Orthodox,25,14,3.02,39,0.12
2632,Mike,Pierce,Orthodox,17,7,2.62,24,0.4
2646,Dustin,Poirier,Southpaw,28,7,5.61,35,0.52
2652,Santiago,Ponzinibbio,Orthodox,29,5,4.79,34,0.5
2664,Trevor,Prangley,Orthodox,34,11,2.59,45,0.0
2667,Michel,Prazeres,Orthodox,26,4,2.38,30,0.0
2672,Niko,Price,Orthodox,15,5,5.16,20,0.57
2687,Jens,Pulver,Southpaw,27,19,2.12,46,0.5
2690,Mike,Pyle,Orthodox,27,14,2.74,41,0.36
2694,Billy,Quarantillo,Orthodox,16,4,7.74,20,0.6
2695,Nate,Quarry,Open Stance,12,4,4.96,16,0.71
2702,Jose,Quinonez,Southpaw,9,5,3.6,14,0.0
2711,Aleksandar,Rakic,Orthodox,14,2,4.23,16,0.33
2721,Ricardo,Ramos,Orthodox,15,4,3.32,19,0.17
2724,Kevin,Randleman,Orthodox,17,16,1.26,33,0.38
2733,Stevie,Ray,Southpaw,23,9,3.73,32,0.29
2736,Abdul,Razak Alhassan,Orthodox,11,5,3.57,16,1.0
2750,Wilson,Reis,Southpaw,23,10,1.83,33,0.0
2755,Marion,Reneau,Orthodox,9,8,3.2,17,0.4
2760,Dominick,Reyes,Southpaw,12,3,4.77,15,0.5
2768,Amanda,Ribas,Orthodox,11,2,4.65,13,0.0
2780,Matthew,Riddle,Southpaw,8,3,3.01,11,0.14
2781,Joe,Riggs,Southpaw,44,17,2.41,61,0.56
2794,Jorge,Rivera,Orthodox,20,9,3.16,29,0.62
2799,Jimmie,Rivera,Orthodox,23,5,4.03,28,0.14
2803,Pedro,Rizzo,Orthodox,20,11,1.93,31,0.78
2807,Karl,Roberson,Southpaw,9,4,2.87,13,0.2
2816,Danny,Roberts,Southpaw,18,5,3.24,23,0.43
2817,Roosevelt,Roberts,Orthodox,10,3,3.14,13,0.0
2819,Gillian,Robertson,Orthodox,10,6,2.23,16,0.14
2828,Luke,Rockhold,Southpaw,16,5,4.18,21,0.4
2833,Ricco,Rodriguez,Orthodox,53,25,1.85,78,0.7
2835,Yair,Rodriguez,Orthodox,14,3,4.65,17,0.38
2837,Marina,Rodriguez,Orthodox,15,1,5.05,16,0.29
2838,Daniel,Rodriguez,Southpaw,16,2,8.06,18,0.29
2847,Marcos,Rogerio de Lima,Orthodox,19,8,3.39,27,0.62
2853,Shane,Roller,Orthodox,11,7,2.04,18,0.12
2858,Yoel,Romero,Southpaw,13,5,3.44,18,0.78
2864,George,Roop,Orthodox,15,13,3.43,28,0.5
2867,Charles,Rosa,Switch,14,7,3.05,21,0.0
2872,Jared,Rosholt,Orthodox,14,4,2.08,18,0.17
2877,Ben,Rothwell,Orthodox,39,14,3.71,53,0.56
2879,Khalil,Rountree Jr.,Southpaw,10,5,3.24,15,0.8
2880,Ronda,Rousey,Orthodox,12,2,4.17,14,0.3
2887,Jairzinho,Rozenstruik,Orthodox,12,3,2.8,15,1.0
2888,Mauricio,Rua,Orthodox,27,12,3.57,39,0.78
2889,Murilo,Rua,Orthodox,20,13,2.48,33,0.5
2890,Marco,Ruas,Orthodox,9,4,0.0,13,0.2
2897,Mike,Russow,Orthodox,15,3,1.55,18,0.4
2904,Amir,Sadollah,Orthodox,6,5,4.71,11,0.17
2905,Frankie,Saenz,Orthodox,13,7,3.94,20,0.0
2907,Tarec,Saffiedine,Switch,16,7,4.05,23,0.11
2910,Ovince,Saint Preux,Southpaw,25,16,2.65,41,0.47
2913,Augusto,Sakai,Orthodox,15,4,5.04,19,0.6
2914,Alessio,Sakara,Orthodox,19,11,3.96,30,0.67
2917,Kazushi,Sakuraba,Southpaw,26,17,1.26,43,0.12
2918,Hayato,Sakurai,Orthodox,38,13,2.45,51,0.47
2925,Muslim,Salikhov,Orthodox,18,2,3.13,20,0.4
2936,Diego,Sanchez,Southpaw,31,13,2.69,44,0.27
2944,Andrew,Sanchez,Orthodox,13,7,4.3,20,0.2
2949,Cory,Sandhagen,Switch,14,4,6.42,18,0.57
2973,Leonardo,Santos,Orthodox,18,6,2.88,24,0.29
2974,Thiago,Santos,Orthodox,22,9,3.95,31,0.79
2978,Taila,Santos,Orthodox,19,1,3.71,20,0.0
2998,Ben,Saunders,Orthodox,22,13,3.23,35,0.33
3008,Brendan,Schaub,Orthodox,10,5,2.92,15,0.5
3015,Semmy,Schilt,Orthodox,26,14,1.2,40,0.67
3019,Matt,Schnell,Orthodox,15,5,4.23,20,0.0
3049,Matt,Serra,Orthodox,11,7,1.98,18,0.29
3054,Dan,Severn,Southpaw,101,19,0.0,120,0.1
3057,Edmen,Shahbazyan,Orthodox,11,3,3.24,14,0.6
3061,Ken,Shamrock,Orthodox,28,17,1.47,45,0.38
3062,Frank,Shamrock,Orthodox,23,10,4.75,33,0.38
3066,Sean,Sherk,Orthodox,36,4,2.17,40,0.11
3068,Valentina,Shevchenko,Southpaw,22,3,3.21,25,0.36
3071,Jake,Shields,Orthodox,31,9,2.45,40,0.06
3081,Akira,Shoji,Orthodox,14,17,1.03,31,0.22
3087,Sam,Sicilia,Orthodox,15,8,2.46,23,0.6
3089,Steven,Siler,Orthodox,29,16,3.21,45,0.2
3093,Anderson,Silva,Southpaw,34,11,3.05,45,0.65
3094,Wanderlei,Silva,Orthodox,35,13,2.79,48,0.7
3095,Thiago,Silva,Orthodox,19,6,3.92,25,0.85
3101,Antonio,Silva,Orthodox,19,12,2.89,31,0.7
3103,Erick,Silva,Orthodox,19,9,2.5,28,0.29
3105,Claudio,Silva,Southpaw,14,3,2.81,17,0.0
3119,Douglas,Silva de Andrade,Orthodox,28,4,3.83,32,0.33
3124,Ricky,Simon,Orthodox,19,3,3.04,22,0.25
3125,Aaron,Simpson,Orthodox,12,5,3.6,17,0.38
3138,Dennis,Siver,Orthodox,23,11,3.87,34,0.25
3139,Chas,Skelly,Orthodox,19,3,2.01,22,0.25
3146,Maurice,Smith,Orthodox,12,14,0.41,26,0.17
3148,Scott,Smith,Orthodox,18,11,1.9,29,1.0
3154,Trevor,Smith,Orthodox,15,10,3.29,25,0.0
3155,Anthony,Smith,Orthodox,36,16,3.03,52,0.54
3165,Louis,Smolka,Orthodox,17,8,4.54,25,0.5
3171,Renato,Sobral,Orthodox,37,11,2.23,48,0.09
3172,Rameau Thierry,Sokoudjou,Orthodox,18,18,2.26,36,1.0
3178,Song,Yadong,Orthodox,18,5,4.88,23,0.43
3179,Chael,Sonnen,Southpaw,29,15,3.08,44,0.0
3187,Krzysztof,Soszynski,Open Stance,26,12,3.37,38,0.33
3188,George,Sotiropoulos,Orthodox,14,7,2.61,21,0.14
3196,Jacare,Souza,Orthodox,26,10,2.53,36,0.26
3203,Ryan,Spann,Orthodox,19,7,3.43,26,0.33
3215,Serghei,Spivac,Orthodox,13,3,3.71,16,0.4
3219,Georges,St-Pierre,Orthodox,26,2,3.78,28,0.31
3223,Cody,Stamann,Orthodox,19,5,4.02,24,0.0
3225,Brian,Stann,Orthodox,12,6,3.28,18,0.73
3240,Jeremy,Stephens,Orthodox,28,19,3.17,47,0.53
3241,Aljamain,Sterling,Orthodox,20,3,4.84,23,0.08
3243,Joe,Stevenson,Orthodox,33,16,2.05,49,0.27
3245,Luke,Stewart,Orthodox,6,3,3.75,9,0.5
3246,Darren,Stewart,Orthodox,12,8,3.05,20,0.4
3259,Rick,Story,Southpaw,19,9,3.8,28,0.17
3263,Sam,Stout,Orthodox,20,12,4.17,32,0.11
3270,Sean,Strickland,Orthodox,25,3,5.53,28,0.25
3273,Stefan,Struve,Orthodox,33,13,3.12,46,0.38
3277,Tatiana,Suarez,Southpaw,9,0,4.82,9,0.2
3295,Cub,Swanson,Orthodox,28,12,4.66,40,0.33
3296,Mike,Swick,Orthodox,15,6,2.36,21,0.5
3302,Tim,Sylvia,Orthodox,31,10,4.23,41,0.56
3311,Mairbek,Taisumov,Orthodox,27,6,2.98,33,0.71
3316,Hiroyuki,Takaya,Orthodox,21,14,3.18,35,0.62
3319,Oleg,Taktarov,Orthodox,17,5,0.0,22,0.0
3320,Nordine,Taleb,Orthodox,15,7,3.66,22,0.29
3323,Kiyoshi,Tamura,Southpaw,32,13,2.44,45,0.57
3329,Evan,Tanner,Orthodox,32,8,3.05,40,0.45
3332,Miesha,Tate,Orthodox,19,8,2.41,27,0.08
3334,Thiago,Tavares,Orthodox,21,7,2.0,28,0.1
3336,Brad,Tavares,Orthodox,19,7,3.18,26,0.14
3344,James,Te Huna,Orthodox,16,9,4.04,25,0.6
3346,Glover,Teixeira,Orthodox,33,7,3.72,40,0.42
3354,James,Terry,Orthodox,19,9,3.23,28,0.67
3356,David,Teymur,Southpaw,8,2,4.69,10,0.4
3361,Elias,Theodorou,Orthodox,16,3,4.19,19,0.25
3363,Paulo,Thiago,Orthodox,18,9,1.71,27,0.2
3364,Din,Thomas,Orthodox,26,9,1.85,35,0.0
3370,James,Thompson,Orthodox,20,16,5.13,36,1.0
3372,Stephen,Thompson,Orthodox,16,6,3.9,22,0.45
3373,Josh,Thomson,Orthodox,22,9,2.59,31,0.27
3376,Gleison,Tibau,Southpaw,33,14,1.95,47,0.06
3379,Darren,Till,Southpaw,18,4,2.26,22,0.33
3384,Hideo,Tokoro,Orthodox,34,29,1.78,63,0.12
3393,Miguel,Torres,Orthodox,44,9,3.98,53,0.25
3396,Tecia,Torres,Orthodox,13,5,4.71,18,0.11
3410,Frank,Trigg,Southpaw,21,9,2.79,30,0.75
3411,Francisco,Trinaldo,Southpaw,27,8,3.04,35,0.29
3418,Abel,Trujillo,Orthodox,15,8,2.65,23,0.5
3419,Arman,Tsarukyan,Orthodox,18,2,3.75,20,0.4
3426,Tai,Tuivasa,Southpaw,15,3,4.54,18,0.88
3427,Zubaira,Tukhugov,Orthodox,20,5,2.94,25,0.4
3429,Albert,Tumenov,Orthodox,18,4,3.76,22,0.6
3435,Jalin,Turner,Southpaw,11,5,6.2,16,0.67
3437,Marcin,Tybura,Orthodox,22,7,3.65,29,0.44
3447,Caol,Uno,Southpaw,33,19,1.91,52,0.2
3455,Kamaru,Usman,Switch,20,1,4.66,21,0.27
3456,Darren,Uyenoyama,Orthodox,10,6,1.34,16,0.0
3460,Charlie,Valencia,Orthodox,12,7,2.58,19,0.2
3476,Paige,VanZant,Orthodox,8,5,3.35,13,0.4
3479,Jamie,Varner,Orthodox,21,11,2.92,32,0.57
3489,Cain,Velasquez,Orthodox,14,3,6.37,17,0.86
3496,Brandon,Vera,Orthodox,15,7,3.03,22,0.6
3498,Marlon,Vera,Switch,18,7,4.08,25,0.5
3505,Marvin,Vettori,Southpaw,18,5,4.35,23,0.0
3510,James,Vick,Orthodox,13,5,4.13,18,0.22
3513,Ketlen,Vieira,Orthodox,12,2,3.07,14,0.0
3518,Gian,Villante,Orthodox,17,14,4.38,31,0.5
3531,Alexander,Volkanovski,Orthodox,23,1,6.42,24,0.3
3532,Jacob,Volkmann,Southpaw,19,7,1.19,26,0.0
3533,Alexander,Volkov,Orthodox,34,9,4.86,43,0.5
3537,Igor,Vovchanchyn,Orthodox,55,10,1.59,65,0.56
3539,Chris,Wade,Orthodox,12,3,1.7,15,0.0
3546,Johnny,Walker,Orthodox,18,7,3.45,25,0.8
3572,Ron,Waterman,Orthodox,16,6,0.84,22,0.2
3575,Michelle,Waterson,Orthodox,18,9,3.57,27,0.0
3590,Chris,Weidman,Orthodox,15,6,3.03,21,0.36
3594,Fabricio,Werdum,Orthodox,24,9,3.59,33,0.26
3610,Robert,Whittaker,Orthodox,24,6,4.45,30,0.36
3614,Justin,Wilcox,Orthodox,14,7,3.82,21,0.2
3635,Matt,Wiman,Orthodox,16,10,3.17,26,0.2
3636,Eddie,Wineland,Orthodox,24,15,3.4,39,0.73
3647,Joanne,Wood,Orthodox,15,7,6.71,22,0.14
3649,Tyron,Woodley,Orthodox,19,7,2.36,26,0.35
3667,Rani,Yahya,Orthodox,28,10,1.58,38,0.0
3677,Yan,Xiaonan,Orthodox,13,2,5.95,15,0.0
3678,Petr,Yan,Switch,16,2,5.98,18,0.5
3681,Adrian,Yanez,Orthodox,15,3,6.35,18,0.8
3697,Hidehiko,Yoshida,Orthodox,6,8,1.05,14,0.0
3707,Sodiq,Yusuff,Orthodox,11,2,5.43,13,0.4
3714,Elizeu,Zaleski dos Santos,Orthodox,23,7,4.65,30,0.33
3717,Marius,Zaromskis,Orthodox,20,9,5.02,29,0.67
3726,Zhang,Weili,Switch,21,3,5.47,24,0.2
